,CDR3,CDR3_end,ext,default_allele,gene_type,full,CDR3_nt
TRAJ1*01,YESITSQLQF,QLQF,GKG,*01,ORF,YESITSQLQFGKGTRVSTSP,GTATGAAAGTATTACCTCCCAGTTGCAATTT
TRAJ10*01,ILTGGGNKLTF,KLTF,GTG,*01,F,ILTGGGNKLTFGTGTQLKVEL,ATACTCACGGGAGGAGGAAACAAACTCACCTTT
TRAJ11*01,NSGYSTLTF,TLTF,GKG,*01,F,NSGYSTLTFGKGTMLLVSP,TGAATTCAGGATACAGCACCCTCACCTTT
TRAJ12*01,MDSSYKLIF,KLIF,GSG,*01,F,MDSSYKLIFGSGTRLLVRP,GGATGGATAGCAGCTATAAATTGATCTTC
TRAJ13*01,NSGGYQKVTF,KVTF,GIG,*01,F,NSGGYQKVTFGIGTKLQVIP,TGAATTCTGGGGGTTACCAGAAAGTTACCTTT
TRAJ13*02,NSGGYQKVTF,KVTF,GTG,*02,F,NSGGYQKVTFGTGTKLQVIP,TGAATTCTGGGGGTTACCAGAAAGTTACCTTT
TRAJ14*01,IYSTFIF,TFIF,GSG,*01,F,IYSTFIFGSGTRLSVKP,ATTTATAGCACATTCATCTTT
TRAJ15*01,NQAGTALIF,ALIF,GKG,*01,F,NQAGTALIFGKGTTLSVSS,CCAACCAGGCAGGAACTGCTCTGATCTTT
TRAJ15*02,NQAGTALIF,ALIF,GKG,*02,F,NQAGTALIFGKGTHLSVSS,CCAACCAGGCAGGAACTGCTCTGATCTTT
TRAJ16*01,FSDGQKLLF,KLLF,ARG,*01,F,FSDGQKLLFARGTMLKVDL,GGTTTTCAGATGGCCAGAAGCTGCTCTTT
TRAJ16*02,FSDGQKLLF,KLLF,ARG,*02,F,FSDGQKLLFARGTMLKVDL,GGTTTTCAGATGGCCAGAAGCTGCTCTTT
TRAJ17*01,IKAAGNKLTF,KLTF,GGG,*01,F,IKAAGNKLTFGGGTRVLVKP,TGATCAAAGCTGCAGGCAACAAGCTAACTTTT
TRAJ18*01,DRGSTLGRLYF,RLYF,GRG,*01,F,DRGSTLGRLYFGRGTQLTVWP,CCGACAGAGGCTCAACCCTGGGGAGGCTATACTTT
TRAJ19*01,YQRFYNFTF,NFTF,GKG,*01,ORF,YQRFYNFTFGKGSKHNVTP,GCTATCAAAGATTTTACAATTTCACCTTT
TRAJ2*01,NTGGTIDKLTF,KLTF,GKG,*01,ORF,NTGGTIDKLTFGKGTHVFIIS,TGAATACTGGAGGAACAATTGATAAACTCACATTT
TRAJ20*01,SNDYKLSF,KLSF,GAG,*01,F,SNDYKLSFGAGTTVTVRA,GTTCTAACGACTACAAGCTCAGCTTT
TRAJ21*01,YNFNKFYF,KFYF,GSG,*01,F,YNFNKFYFGSGTKLNVKP,TACAACTTCAACAAATTTTACTTT
TRAJ22*01,SSGSARQLTF,QLTF,GSG,*01,F,SSGSARQLTFGSGTQLTVLP,TTTCTTCTGGTTCTGCAAGGCAACTGACCTTT
TRAJ23*01,IYNQGGKLIF,KLIF,GQG,*01,F,IYNQGGKLIFGQGTELSVKP,TGATTTATAACCAGGGAGGAAAGCTTATCTTC
TRAJ23*02,IYNQGGKLIF,KLIF,GQG,*02,F,IYNQGGKLIFGQGTELSVKP,TGATTTATAACCAGGGAGGAAAGCTTATCTTC
TRAJ24*01,TTDSWGKFEF,KFEF,GAG,*01,F,TTDSWGKFEFGAGTQVVVTP,TGACAACTGACAGCTGGGGGAAATTCGAGTTT
TRAJ24*02,TTDSWGKLQF,KLQF,GAG,*02,F,TTDSWGKLQFGAGTQVVVTP,TGACAACTGACAGCTGGGGGAAATTGCAGTTT
TRAJ24*03,TTDSWGKFQF,KFQF,GAG,*03,F,TTDSWGKFQFGAGTQVVVTP,TGACAACTGACAGCTGGGGGAAATTCCAGTTT
TRAJ25*01,EGQGFSFIF,SFIF,GKG,*01,ORF,EGQGFSFIFGKGTRLLVKP,CAGAAGGACAAGGCTTCTCCTTTATCTTT
TRAJ26*01,DNYGQNFVF,NFVF,GPG,*01,F,DNYGQNFVFGPGTRLSVLP,GGGATAACTATGGTCAGAATTTTGTCTTT
TRAJ27*01,NTNAGKSTF,KSTF,GDG,*01,F,NTNAGKSTFGDGTTLTVKP,TAACACCAATGCAGGCAAATCAACCTTT
TRAJ28*01,YSGAGSYQLTF,QLTF,GKG,*01,F,YSGAGSYQLTFGKGTKLSVIP,CATACTCTGGGGCTGGGAGTTACCAACTCACTTTC
TRAJ29*01,NSGNTPLVF,PLVF,GKG,*01,F,NSGNTPLVFGKGTRLSVIA,GGAATTCAGGAAACACACCTCTTGTCTTT
TRAJ3*01,GYSSASKIIF,KIIF,GSG,*01,F,GYSSASKIIFGSGTRLSIRP,GGGGTACAGCAGTGCTTCCAAGATAATCTTT
TRAJ30*01,NRDDKIIF,KIIF,GKG,*01,F,NRDDKIIFGKGTRLHILP,TGAACAGAGATGACAAGATCATCTTT
TRAJ31*01,NNNARLMF,RLMF,GDG,*01,F,NNNARLMFGDGTQLVVKP,GGAATAACAATGCCAGACTCATGTTT
TRAJ32*01,NYGGATNKLIF,KLIF,GTG,*01,F,NYGGATNKLIFGTGTLLAVQP,TGAATTATGGCGGTGCTACAAACAAGCTCATCTTT
TRAJ32*02,NYGGATNKLIF,KLIF,GTG,*02,F,NYGGATNKLIFGTGTLLAVQP,TGAATTATGGTGGTGCTACAAACAAGCTCATCTTT
TRAJ33*01,DSNYQLIW,QLIW,GAG,*01,F,DSNYQLIWGAGTKLIIKP,TGGATAGCAACTATCAGTTAATCTGG
TRAJ34*01,SYNTDKLIF,KLIF,GTG,*01,F,SYNTDKLIFGTGTRLQVFP,TCTTATAACACCGACAAGCTCATCTTT
TRAJ35*01,IGFGNVLHC,VLHC,GSG,*01,F,IGFGNVLHCGSGTQVIVLP,GATAGGCTTTGGGAATGTGCTGCATTGC
TRAJ36*01,QTGANNLFF,NLFF,GTG,*01,F,QTGANNLFFGTGTRLTVIP,TCAAACTGGGGCAAACAACCTCTTCTTT
TRAJ37*01,GSGNTGKLIF,KLIF,GQG,*01,F,GSGNTGKLIFGQGTTLQVKP,TGGCTCTGGCAACACAGGCAAACTAATCTTT
TRAJ37*02,GSSNTGKLIF,KLIF,GQG,*02,F,GSSNTGKLIFGQGTTLQVKP,TGGCTCTAGCAACACAGGCAAACTAATCTTT
TRAJ38*01,NAGNNRKLIW,KLIW,GLG,*01,F,NAGNNRKLIWGLGTSLAVNP,TAATGCTGGCAACAACCGTAAGCTGATTTGG
TRAJ39*01,NNNAGNMLTF,MLTF,GGG,*01,F,NNNAGNMLTFGGGTRLMVKP,TGAATAATAATGCAGGCAACATGCTCACCTTT
TRAJ4*01,FSGGYNKLIF,KLIF,GAG,*01,F,FSGGYNKLIFGAGTRLAVHP,TGTTTTCTGGTGGCTACAATAAGCTGATTTTT
TRAJ40*01,TTSGTYKYIF,KYIF,GTG,*01,F,TTSGTYKYIFGTGTRLKVLA,ACTACCTCAGGAACCTACAAATACATCTTT
TRAJ41*01,NSNSGYALNF,ALNF,GKG,*01,F,NSNSGYALNFGKGTSLLVTP,GAACTCAAATTCCGGGTATGCACTCAACTTC
TRAJ42*01,NYGGSQGNLIF,NLIF,GKG,*01,F,NYGGSQGNLIFGKGTKLSVKP,TGAATTATGGAGGAAGCCAAGGAAATCTCATCTTT
TRAJ43*01,NNNDMRF,DMRF,GAG,*01,F,NNNDMRFGAGTRLTVKP,ACAATAACAATGACATGCGCTTT
TRAJ44*01,NTGTASKLTF,KLTF,GTG,*01,F,NTGTASKLTFGTGTRLQVTL,TAAATACCGGCACTGCCAGTAAACTCACCTTT
TRAJ45*01,YSGGGADGLTF,GLTF,GKG,*01,F,YSGGGADGLTFGKGTHLIIQP,TGTATTCAGGAGGAGGTGCTGACGGACTCACCTTT
TRAJ46*01,KKSSGDKLTF,KLTF,GTG,*01,F,KKSSGDKLTFGTGTRLAVRP,AGAAGAAAAGCAGCGGAGACAAGCTGACTTTT
TRAJ47*01,EYGNKLVF,KLVF,GAG,*01,F,EYGNKLVFGAGTILRVKS,TGGAATATGGAAACAAACTGGTCTTT
TRAJ47*02,EYGNKLVF,KLVF,GAG,*02,(F),EYGNKLVFGAGTILRVKS,TGGAATATGGAAACAAGCTGGTCTTT
TRAJ48*01,SNFGNEKLTF,KLTF,GTG,*01,F,SNFGNEKLTFGTGTRLTIIP,TATCTAACTTTGGAAATGAGAAATTAACCTTT
TRAJ49*01,NTGNQFYF,QFYF,GTG,*01,F,NTGNQFYFGTGTSLTVIP,GAACACCGGTAACCAGTTCTATTTT
TRAJ5*01,DTGRRALTF,ALTF,GSG,*01,F,DTGRRALTFGSGTRLQVQP,TGGACACGGGCAGGAGAGCACTTACTTTT
TRAJ50*01,KTSYDKVIF,KVIF,GPG,*01,F,KTSYDKVIFGPGTSLSVIP,TGAAAACCTCCTACGACAAGGTGATATTT
TRAJ51*01,MRDSYEKLIF,KLIF,GKE,*01,P,MRDSYEKLIFGKET*LTVKP,AGATGCGTGACAGCTATGAGAAGCTGATATTT
TRAJ52*01,NAGGTSYGKLTF,KLTF,GQG,*01,F,NAGGTSYGKLTFGQGTILTVHP,CTAATGCTGGTGGTACTAGCTATGGAAAGCTGACATTT
TRAJ53*01,NSGGSNYKLTF,KLTF,GKG,*01,F,NSGGSNYKLTFGKGTLLTVNP,AGAATAGTGGAGGTAGCAACTATAAACTGACATTT
TRAJ54*01,IQGAQKLVF,KLVF,GQG,*01,F,IQGAQKLVFGQGTRLTINP,TAATTCAGGGAGCCCAGAAGCTGGTATTT
TRAJ55*01,KCW*CSCW,CSCW,GKG,*01,P,KCW*CSCWGKGMSTKINP,ACAAGTGCTGGTAATGCTCCTGTTGG
TRAJ56*01,YTGANSKLTF,KLTF,GKG,*01,F,YTGANSKLTFGKGITLSVRP,TTATACTGGAGCCAATAGTAAGCTGACATTT
TRAJ57*01,TQGGSEKLVF,KLVF,GKG,*01,F,TQGGSEKLVFGKGTKLTVNP,TAACTCAGGGCGGATCTGAAAAGCTGGTCTTT
TRAJ58*01,*ETSGSRLTF,RLTF,GEG,*01,ORF,*ETSGSRLTFGEGTQLTVNP,TTTAAGAAACCAGTGGCTCTAGGTTGACCTTT
TRAJ59*01,KEGNRKFTF,KFTF,GMG,*01,ORF,KEGNRKFTFGMGTQVRVKL,GGAAGGAAGGAAACAGGAAATTTACATTT
TRAJ6*01,ASGGSYIPTF,IPTF,GRG,*01,F,ASGGSYIPTFGRGTSLIVHP,TGCATCAGGAGGAAGCTACATACCTACATTT
TRAJ60*01,KIT*MLNF,MLNF,GKG,*01,P,KIT*MLNFGKGTELIVSL,TGAAGATCACCTAGATGCTCAACTTT
TRAJ61*01,YRVNRKLTF,KLTF,GAN,*01,ORF,YRVNRKLTFGANTRGIMKL,GGTACCGGGTTAATAGGAAACTGACATTT
TRAJ7*01,DYGNNRLAF,RLAF,GKG,*01,F,DYGNNRLAFGKGNQVVVIP,TGACTATGGGAACAACAGACTCGCTTTT
TRAJ8*01,NTGFQKLVF,KLVF,GTG,*01,F,NTGFQKLVFGTGTRLLVSP,TGAACACAGGCTTTCAGAAACTTGTATTT
TRAJ8*02,NTGFQKLVF,KLVF,GTG,*02,P,NTGFQKLVFGTGT*LLVSP,TGAACACAGGCTTTCAGAAACTTGTATTT
TRAJ9*01,GNTGGFKTIF,KTIF,GAG,*01,F,GNTGGFKTIFGAGTRLFVKA,GGAAATACTGGAGGCTTCAAAACTATCTTT
