,CDR1,CDR2,CDR3,default_allele,gene_type,full,CDR3_nt
TRAV1-1*01,TSG-FYG,NAL--DGL,CAVR,*01,F,GQSLEQ-PSEVTAVEGAIVQINCTYQTSG------FYGLSWYQQHDGGAPTFLSYNAL----DGLEET-----GRFSSFLSRSDSYGYLLLQELQMKDSASYFCAVR,TGCGCTGTGAGAGA
TRAV1-1*02,TSG-FYG,NGL--DGL,CA,*02,(F),GQSLEQ-PSEVTAVEGAIVQINCTYQTSG------FYGLSWYQQHDGGAPTFLSYNGL----DGLEET-----GRFSSFLSRSDSYGYLLLQELQMKDSASYFCA,TGCGCTGT
TRAV1-2*01,TSG-FNG,NVL--DGL,CAVR,*01,F,GQNIDQ-PTEMTATEGAIVQINCTYQTSG------FNGLFWYQQHAGEAPTFLSYNVL----DGLEEK-----GRFSSFLSRSKGYSYLLLKELQMKDSASYLCAVR,TGTGCTGTGAGAGA
TRAV1-2*02,TSG-FNG,NVL--DGL,,*02,[F],GQNIDQ-PTEMTATEGAIVQINCTYQTSG------FNGLFWYQQHAGEAPTFLSYNVL----DGLEEK-----G,
TRAV1-2*03,TSG-FNG,NVL--DGL,CAVR,*03,F,GQNIDQ-PTEMTATEGAIVQINCTYQTSG------FNGLFWYQQHAGEAPTFLSYNVL----DGLEEK-----GRFSSFLSRSKGYSYLLLKELQMKDSASYLCAVR,TGTGCTGTGAGAGA
TRAV10*01,VSP-FSN,MTFS-ENT,CVVS,*01,F,KNQVEQSPQSLIILEGKNCTLQCNYTVSP------FSNLRWYKQDTGRGPVSLTIMTFS---ENTKSN-----GRYTATLDADTKQSSLHITASQLSDSASYICVVS,TGTGTGGTGAGCG
TRAV10*02,VSP-FSN,MTFS-ENT,CVVS,*02,F,KNQVEQSPQSLIILEGKNCTLQCNYTVSP------FSNLRWYKQDTGRGPVSLTIMTFS---ENTKSN-----GRYTATLDADTKQSSLHITASQLSDSASYICVVS,TGTGTGGTGAGCG
TRAV11*01,ERT-LFN,IQSS-QKE,CAL,*01,P,LHTLEQSPSFLNIQEGMHAVLNCTYQERT------LFNFHWFRQDPGRRLVSLTLIQSS---QKEQGD-----KYFKELLGKEKFYSVWNIAASHLGDSATYFCAL,TGTGCTTTGC
TRAV12-1*01,NSA-SQS,VYS--SGN,CVVN,*01,F,RKEVEQDPGPFNVPEGATVAFNCTYSNSA------SQSFFWYRQDCRKEPKLLMSVYS----SGN-ED-----GRFTAQLNRASQYISLLIRDSKLSDSATYLCVVN,TGTGTGGTGAACA
TRAV12-1*02,NSA-SQS,VYS--SGN,CVVN,*02,(F),RKEVEQDPGPFNVPEGATVAFNCTYSNSA------SQSFFWYRQDCRKEPKLLMSVYS----SGN-ED-----GRFTAHVNRASQYISLLIRDSKLSDSATYLCVVN,TGTGTGGTGAACA
TRAV12-2*01,DRG-SQS,IYS--NGD,CAVN,*01,F,QKEVEQNSGPLSVPEGAIASLNCTYSDRG------SQSFFWYRQYSGKSPELIMFIYS----NGDKED-----GRFTAQLNKASQYVSLLIRDSQPSDSATYLCAVN,TGTGCCGTGAACA
TRAV12-2*02,DRG-SQS,IYS--NGD,CAV,*02,(F),QKEVEQNSGPLSVPEGAIASLNCTYSDRG------SQSFFWYRQYSGKSPELIMSIYS----NGDKED-----GRFTAQLNKASQYVSLLIRDSQPSDSATYLCAV,TGTGCCGTG
TRAV12-2*03,DRV-SQS,IYS--NGD,CAVN,*03,(F),--------GPLSVPEGAIASLNCTYSDRV------SQSFFWYRQYSGKSPELIMSIYS----NGDKED-----GRFTAQLNKASQYVSLLIRDSQPSDSATYLCAVN,TGTGCCGTGAAC
TRAV12-3*01,NSA-FQY,TYS--SGN,CAMS,*01,F,QKEVEQDPGPLSVPEGAIVSLNCTYSNSA------FQYFMWYRQYSRKGPELLMYTYS----SGNKED-----GRFTAQVDKSSKYISLFIRDSQPSDSATYLCAMS,TGTGCAATGAGCG
TRAV12-3*02,NSA-FQY,TYS--SGN,CAMS,*02,(F),QKEVEQDPGPLSVPEGAIVSLNCTYSNSA------FQYFMWYRQYSRIGPELLMYTYS----SGNKED-----GRFTAQVDKSSKYISLFIRDSQPSDSATYLCAMS,TGTGCAATGAGCG
TRAV13-1*01,DSA-SNY,IRSN-VGE,CAAS,*01,F,GENVEQHPSTLSVQEGDSAVIKCTYSDSA------SNYFPWYKQELGKGPQLIIDIRSN---VGEKKD-----QRIAVTLNKTAKHFSLHITETQPEDSAVYFCAAS,TGTGCAGCAAGTA
TRAV13-1*02,DSA-SNY,IRSN-VGE,CAAS,*02,(F),GENVEQHPSTLSVQEGDSAVIKCTYSDSA------SNYFPWYKQELGKRPQLIIDIRSN---VGEKKD-----QRIAVTLNKTAKHFSLHITETQPEDSAVYFCAAS,TGTGCAGCAAGTA
TRAV13-1*03,DSA-SNY,IRSN-VGE,,*03,[F],GENVEQHPSTLSVQEGDSAVIKCTYSDSA------SNYFPWYKQELGKRPQLIIDIRSN---VGEKKD-----QRIAVTLNKTAKHFSLQIT,
TRAV13-2*01,NSA-SDY,IRSN-MDK,CAEN,*01,F,GESVGLHLPTLSVQEGDNSIINCAYSNSA------SDYFIWYKQESGKGPQFIIDIRSN---MDKRQG-----QRVTVLLNKTVKHLSLQIAATQPGDSAVYFCAEN,TGTGCAGAGAATA
TRAV13-2*02,NSA-SDY,IRSN-MDK,CAE,*02,(F),GESVGLHLPTLSVQEGDNSIINCAYSNSA------SDYFIWYKQESGKGPQFIIDIRSN---MDKRQG-----QRVTVLLNKTVKHLSLQIAATQPGDSAVYFCAE,TGTGCAGAGA
TRAV14/DV4*01,TSDPSYG,QGSYDQQN,CAMRE,*01,F,AQKITQTQPGMFVQEKEAVTLDCTYDTSDP-----SYGLFWYKQPSSGEMIFLIYQGSY--DQQNATE-----GRYSLNFQKARKSANLVISASQLGDSAMYFCAMRE,TGTGCAATGAGAGAGGG
TRAV14/DV4*02,TSDQSYG,QGSYDEQN,CAMRE,*02,F,AQKITQTQPGMFVQEKEAVTLDCTYDTSDQ-----SYGLFWYKQPSSGEMIFLIYQGSY--DEQNATE-----GRYSLNFQKARKSANLVISASQLGDSAMYFCAMRE,TGTGCAATGAGAGAGGG
TRAV14/DV4*03,TSDPSYG,QGSYDQQN,CAM,*03,(F),AQKITQTQPGMFVQEKEAVTLDCTYDTSDP-----SYGLFWYKQPSSGEMIFLIYQGSY--DQQNATE-----GRYSLNFQKARKSANLVISASQLGDSAMYFCAM,TGTGCAATG
TRAV14/DV4*04,TSDQSYG,QGSYDEQN,,*04,[F],-QKITQTQPGMFVQEKEAVTLDCTYDTSDQ-----SYGLFWYKQPSSGEMIFLIYQGSY--DEQNATE-----GRYSLNFQKARKSANLVISASQLGDSAMYF,
TRAV16*01,YSG-SPE,HI----SR,CALS,*01,F,AQRVTQPEKLLSVFKGAPVELKCNYSYSG------SPELFWYVQYSRQRLQLLLRHI------SRESI-----KGFTADLNKGETSFHLKKPFAQEEDSAMYYCALS,TGTGCTCTAAGTGG
TRAV17*01,TSI--NN,IRSN-ERE,CATD,*01,F,SQQGEEDPQALSIQEGENATMNCSYKTSI-------NNLQWYRQNSGRGLVHLILIRSN---EREKHS-----GRLRVTLDTSKKSSSLLITASRAADTASYFCATD,TGTGCTACGGACG
TRAV18*01,SSY-STF,SSE--NQE,CALR,*01,F,GDSVTQTEGPVTLPERAALTLNCTYQSSY------STFLFWYVQYLNKEPELLLKSSE----NQETDS-----RGFQASPIKSDSSFHLEKPSVQLSDSAVYYCALR,TGCGCTCTGAGAGA
TRAV19*01,TRDTTYY,RNSFDEQN,CALSE,*01,F,AQKVTQAQTEISVVEKEDVTLDCVYETRDT-----TYYLFWYKQPPSGELVFLIRRNSF--DEQNEIS-----GRYSWNFQKSTSSFNFTITASQVVDSAVYFCALSE,TGTGCTCTGAGTGAGGC
TRAV2*01,VSN-AYN,GS----KP,CAVE,*01,F,KDQVFQ-PSTVASSEGAVVEIFCNHSVSN------AYNFFWYLHFPGCAPRLLVKGS------KPSQQ-----GRYNMTYER--FSSSLLILQVREADAAVYYCAVE,TGTGCTGTGGAGGA
TRAV2*02,VSN-AYN,GS----KP,CAVAW,*02,(F),KDQVFQ-PSTVASSEGAVVEIFCNHSVSN------AYNFFWHLHFPGCAPRLLVKGS------KPSQQ-----GRYNMTYER--FSSSLLILQVREADAAVYYCAVAW,TGTGCTGTGGCCTGG
TRAV20*01,VSG-LRG,LYSA-GEE,CAVQ,*01,F,EDQVTQSPEALRLQEGESSSLNCSYTVSG------LRGLFWYRQDPGKGPEFLFTLYSA---GEEKEK-----ERLKATLTK--KESFLHITAPKPEDSATYLCAVQ,TGTGCTGTGCAGG
TRAV20*02,VSG-LRG,LYSA-GEE,CAVQ,*02,F,EDQVTQSPEALRLQEGESSSLNCSYTVSG------LRGLFWYRQDPGKGPEFLFTLYSA---GEEKEK-----ERLKATLTK--KESFLHITAPKPEDSATYLCAVQ,TGTGCTGTGCAGG
TRAV20*03,VSG-LRG,LYSA-GEE,C,*03,(F),EDQVTQSPEALRLQEGESRSLNCSYTVSG------LRGLFWYRQDPGKGPEFLFTLYSA---GEEKEK-----ERLKATLTK--KESFLHITAPKPEDSATYLC,TGT
TRAV20*04,VSG-LRG,LYSA-GEE,CA,*04,(F),EDQVTQSPEALRLQEGESSSLNCSCTVSG------LRGLFWYRQDPGKGPEFLFTLYSA---GEEKEK-----ERLKATLTK--KESFLHITAPKPEDSATYLCA,TGTGCT
TRAV21*01,DSA-IYN,IQSS-QRE,CAVR,*01,F,KQEVTQIPAALSVPEGENLVLNCSFTDSA------IYNLQWFRQDPGKGLTSLLLIQSS---QREQTS-----GRLNASLDKSSGRSTLYIAASQPGDSATYLCAVR,TGTGCTGTGAGG
TRAV21*02,DSA-IYN,IQSS-QRE,CA,*02,(F),KQEVTQIPAALSVPEGENLVLNCSFTDSA------IYNLQWFRQDPGKGLTSLLLIQSS---QREQTS-----GRLNASLDKSSGRSTLYIAASQPGDSATYLCA,TGTGCT
TRAV22*01,DSV--NN,IPS---GT,CAVE,*01,F,GIQVEQSPPDLILQEGANSTLRCNFSDSV-------NNLQWFHQNPWGQLINLFYIPS-----GTKQN-----GRLSATTVATERYSLLYISSSQTTDSGVYFCAVE,TGTGCTGTGGAGC
TRAV23/DV6*01,NTA-FDY,IRPD-VSE,CAAS,*01,F,QQQVKQSPQSLIVQKGGISIINCAYENTA------FDYFPWYQQFPGKGPALLIAIRPD---VSEKKE-----GRFTISFNKSAKQFSLHIMDSQPGDSATYFCAAS,TGTGCAGCAAGCA
TRAV23/DV6*02,NTA-FDY,IRPD-VSE,CAAS,*02,(F),QQQVKQSPQSLIVQKGGIPIINCAYENTA------FDYFPWYQQFPGKGPALLIAIRPD---VSEKKE-----GRFTISFNKSAKQFSLHIMDSQPGDSATYFCAAS,TGTGCAGCAAGCG
TRAV23/DV6*03,NTA-FDY,IRPD-VSE,CAAS,*03,(F),QQQVKQSPQSLIVQKGGISIINCAYENTA------FDYFPWYQQFPGKGPALLIAIRPD---VSEKKE-----GRFTISFNKSAKQFSLHIMDSQPGDSATYFCAAS,TGTGCAGCAAGCA
TRAV23/DV6*04,NTA-FDY,IRPD-VSE,C,*04,[F],-QQVKQSPQSLIVQKGGISIINCAYENTA------FDYFPWYQQFPGKGPALLIAIRPD---VSEKKE-----GRFTISFNKSAKQFSLHIMDSQPGDSATYFC,TGT
TRAV23/DV6*05,NTA-FDY,IRPD-VSE,CAAS,*05,F,QQQVKQSPQSLIVQKGGISIINCAYENTA------FDYFPWYQQFPGKGPALLIAIRPD---VSEKKE-----GRFTISFNKSAKQFSSHIMDSQPGDSATYFCAAS,TGTGCAGCAAGCA
TRAV24*01,SSN-FYA,MTLN-GDE,CAF,*01,F,ILNVEQSPQSLHVQEGDSTNFTCSFPSSN------FYALHWYRWETAKSPEALFVMTLN---GDEKKK-----GRISATLNTKEGYSYLYIKGSQPEDSATYLCAF,TGTGCCTTTA
TRAV24*02,SSN-FYA,MTLN-GDE,CAF,*02,(F),ILNVEQGPQSLHVQEGDSTNFTCSFPSSN------FYALHWYRWETAKTPEALFVMTLN---GDEKKK-----GRISATLNTKEGYSYLYIKGSQPEDSATYLCAF,TGTGCCTTTA
TRAV25*01,TTL--SN,LVKS-GEV,CAG,*01,F,GQQVMQIPQYQHVQEGEDFTTYCNSSTTL-------SNIQWYKQRPGGHPVFLIQLVKS---GEVKKQ-----KRLTFQFGEAKKNSSLHITATQTTDVGTYFCAG,TGTGCAGGG
TRAV26-1*01,TISGNEY,GLK---NN,CIVRV,*01,F,DAKTTQ-PPSMDCAEGRAANLPCNHSTISG-----NEYVYWYRQIHSQGPQYIIHGLK-----NNETN-----EMASLIITEDRKSSTLILPHATLRDTAVYYCIVRV,TGCATCGTCAGAGTCG
TRAV26-1*02,TISGNEY,GLK---NN,CIVRV,*02,F,DAKTTQ-PTSMDCAEGRAANLPCNHSTISG-----NEYVYWYRQIHSQGPQYIIHGLK-----NNETN-----EMASLIITEDRKSSTLILPHATLRDTAVYYCIVRV,TGCATCGTCAGAGTCG
TRAV26-1*03,TISGNEY,GLK---NN,CI,*03,(F),DAKTTQ-PPSMDCAEGRAANLPCNHSTISG-----NEYVYWYRQIHSQGPQNIIHGLK-----NNETN-----EMASLIITEDRKSSTLILPHATLRDTAVYYCI,TGCATC
TRAV26-2*01,TISGTDY,GLT---SN,CILRD,*01,F,DAKTTQ-PNSMESNEEEPVHLPCNHSTISG-----TDYIHWYRQLPSQGPEYVIHGLT-----SNVNN-----RMASLAIAEDRKSSTLILHRATLRDAAVYYCILRD,TGCATCCTGAGAGAC
TRAV26-2*02,TISGTDY,GLT---SN,,*02,[F],DAKTTQ-PNSMESNEEEPVHLPCNHSTISG-----TDYIHWYRQLPSQGPEYVIHGLT-----SNVNN-----RMACVAIAEDRKSST,
TRAV27*01,SVF--SS,VVTG-GEV,CAG,*01,F,TQLLEQSPQFLSIQEGENLTVYCNSSSVF-------SSLQWYRQEPGEGPVLLVTVVTG---GEVKKL-----KRLTFQFGDARKDSSLHITAAQPGDTGLYLCAG,TGTGCAGGAG
TRAV27*02,SVF--SS,VVTG-GEV,CA,*02,(F),TQLLEQSPQFLSIQEGENLTVYCNSSSVF-------SSLQWYRQEPGEGPVLLVTVVTG---GEVKKL-----KRLTFQFGDARKDSSLHITAAQPGDTGHYLCA,TGTGCAGG
TRAV27*03,SVF--SS,VVTG-GEV,CAG,*03,F,TQLLEQSPQFLSIQEGENLTVYCNSSSVF-------SSLQWYRQEPGEGPVLLVTVVTG---GEVKKL-----KRLTFQFGDARKDSSLHITAAQTGDTGLYLCAG,TGTGCAGGAG
TRAV29/DV5*01,NSM-FDY,ISSI-KDK,CAAS,*01,F,DQQVKQNSPSLSVQEGRISILNCDYTNSM------FDYFLWYKKYPAEGPTFLISISSI---KDKNED-----GRFTVFLNKSAKHLSLHIVPSQPGDSAVYFCAAS,TGTGCAGCAAGCG
TRAV29/DV5*02,NSM-FDY,ISSI-KDK,CAAS,*02,F,DQQVKQNSPSLSVQEGRISILNCDYTNSM------FDYFLWYKKYPAEGPTFLISISSI---KDKNED-----GRFTVFLNKSAKHLSLDIVPSQPGDSAVYFCAAS,TGTGCAGCAAGC
TRAV29/DV5*04,NSM-FDY,ISSI-KDK,CAAS,*04,F,DQQVKQNSPSLSVQEGRISILNCDYTNSM------FDYFLWYKKYPAEGPTFLISISSI---KDKNED-----GRFTVFLNKSAKHLSLHIVPSQPGDSAVYFCAAS,TGTGCAGCAAGCG
TRAV3*01,VSG-NPY,YITGDNLV,CAVRD,*01,F,AQSVAQPEDQVNVAEGNPLTVKCTYSVSG------NPYLFWYVQYPNRGLQFLLKYITG--DNLVKGS-----YGFEAEFNKSQTSFHLKKPSALVSDSALYFCAVRD,TGTGCTGTGAGAGACA
TRAV30*01,KAL--YS,LLKG-GEQ,CGTE,*01,F,QQPV-QSPQAVILREGEDAVINCSSSKAL-------YSVHWYRQKHGEAPVFLMILLKG---GEQKGH-----EKISASFNEKKQQSSLYLTASQLSYSGTYFCGTE,TGCGGCACAGAGA
TRAV30*02,KAL--YS,LLKG-GEQ,CG,*02,(F),QQPV-QSPQAVILREGEDAVTNCSSSKAL-------YSVHWYRQKHGEAPVFLMILLKG---GEQMRR-----EKISASFNEKKQQSSLYLTASQLSYSGTYFCG,TGCGGG
TRAV30*03,KAL--YS,LLKG-GEQ,CG,*03,(F),QQPV-QSPQAVILREGEDAVINCSSSKAL-------YSVHWYRQKHGEAPVFLMILLKG---GEQKGH-----EKISASFNEKKRQSSLYLTASQLSYSGTYFCG,TGCGGC
TRAV30*04,KAL--YS,LLKG-GEQ,,*04,[F],QQPV-QSPQAVILREGEDAVINCSSSKAL-------YSVHWYRQKHGEAPVFLMILLKG---GEQKRH-----EKISASFNEKKQQSSLYLT,
TRAV30*05,KAL--YS,LLKG-GEQ,CGTE,*05,F,QQPV-QSPQAVILREGEDAVINCSSSKAL-------YSVHWYRQKHGEAPVFLMILLKG---GEQKGH-----DKISASFNEKKQQSSLYLTASQLSYSGTYFCGTE,TGCGGCACAGAGA
TRAV34*01,KTL--YG,LQKG-GEE,CGAD,*01,F,SQELEQSPQSLIVQEGKNLTINCTSSKTL-------YGLYWYKQKYGEGLIFLMMLQKG---GEEKSH-----EKITAKLDEKKQQSSLHITASQPSHAGIYLCGAD,TGTGGAGCAGACA
TRAV35*01,SIF--NT,LYKA-GEL,CAGQ,*01,F,GQQLNQSPQSMFIQEGEDVSMNCTSSSIF-------NTWLWYKQEPGEGPVLLIALYKA---GELTSN-----GRLTAQFGITRKDSFLNISASIPSDVGIYFCAGQ,TGTGCTGGGCAG
TRAV35*02,SIF--NT,LYKA-GEL,CA,*02,(F),GQQLNQSPQSMFIQEGEDVSMNCTSSSIF-------NTWLWYKQDPGEGPVLLIALYKA---GELTSN-----GRLTAQFGITRKDSFLNISASIPSDVGIYFCA,TGTGCT
TRAV35*03,SIF--NT,LYKA-GEL,CAGQ,*03,P,GQQLNQSPQSMFTQEGEDVSMNCTSSSIF-------NT*LWYKQDPGEGPVLLIALYKA---GELTSN-----GRLTAQFGITRKDSFLNISASIPSDVGIYFCAGQ,TGTGCTGGGCAG
TRAV36/DV7*01,VTN-FRS,LTSS-GIE,CAVE,*01,F,EDKVVQSPLSLVVHEGDTVTLNCSYEVTN------FRSLLWYKQEKKAP-TFLFMLTSS---GIEKKS-----GRLSSILDKKELSSILNITATQTGDSAIYLCAVE,TGTGCTGTGGAGG
TRAV36/DV7*02,MTN-FRS,LTSS-GIE,CAV,*02,(F),EDKVVQSPQSLVVHEGDTVTLNCSYEMTN------FRSLQWYKQEKKAP-TFLFMLTSS---GIEKKS-----GRLSSILDKKELFSILNITATQTGDSAVYLCAV,TGTGCTGTGG
TRAV36/DV7*03,VTN-FRS,LTSS-GIE,CA,*03,(F),EDKVVQSPLSLVVHEGDTVTPNCSYEVTN------FRSLLWYKQEKKAP-TFLFMLTSS---GIEKKS-----GRLSSILDKKELFSILNITATQTGDSAVYLCA,TGTGCT
TRAV36/DV7*04,VTN-FRS,LTSS-GIE,CA,*04,(F),EDKVVQSPLSLVVHEGDTVTLNCSYEVTN------FRSLLWYKQEKKAP-TFLFMLTSS---GIEKKS-----GRLSSILDKKELFSILNITATQTGDSAVYLCA,TGTGCTG
TRAV36/DV7*05,VTN-FRS,LTSS-GIE,CAVE,*05,F,EDKVVQSPLSLVVHEGDTVTLNCSYEVTN------FRSLLWYKQEKKAP-TFLFMLTSS---GIEKKS-----GRLSSILDKKELFSILNITATQTGDSAIYLCAVE,TGTGCTGTGGAGG
TRAV38-1*01,TSENNYY,QEAYKQQN,CAFMK,*01,F,AQTVTQSQPEMSVQEAETVTLSCTYDTSEN-----NYYLFWYKQPPSRQMILVIRQEAY--KQQNATE-----NRFSVNFQKAAKSFSLKISDSQLGDTAMYFCAFMK,TGTGCTTTCATGAAGCA
TRAV38-1*02,TSENDYY,QEAYKQQN,CA,*02,(F),AQTVTQSQPEMSVQEAETVTLSCTYDTSEN-----DYYLFWYKQPPSRQMILVIRQEAY--KQQNATE-----NRFSVNFQKAAKSFSLKISDSQLGDTAMYFCA,TGTGCTT
TRAV38-1*03,TSESNYY,QEAYKQQN,CAF,*03,(F),AQTVTQSQPEMSVQEAETVTLSCTYDTSES-----NYYLFWYKQPPSRQMILVIRQEAY--KQQNATE-----NRFSVNFQKAAKSFSLKISDSQLGDTAMYFCAF,TGTGCTTTCA
TRAV38-1*04,TSENNYY,QEAYKQQN,CA,*04,(F),AQTVTQSQPEMSVQEAETVTLSCTYDTSEN-----NYYLFWYKQPPSRQMILVIRQEAY--KQQNATE-----NRFSVNFQKAAKSFSLKISDSQLGDTAMYFCA,TGTGCA
TRAV38-2/DV8*01,TSESDYY,QEAYKQQN,CAYRS,*01,F,AQTVTQSQPEMSVQEAETVTLSCTYDTSES-----DYYLFWYKQPPSRQMILVIRQEAY--KQQNATE-----NRFSVNFQKAAKSFSLKISDSQLGDAAMYFCAYRS,TGTGCTTATAGGAGCG
TRAV39*01,TTS--DR,LLSN-GAV,CAVD,*01,F,ELKVEQNPLFLSMQEGKNYTIYCNYSTTS-------DRLYWYRQDPGKSLESLFVLLSN---GAVKQE-----GRLMASLDTKARLSTLHITAAVHDLSATYFCAVD,TGTGCCGTGGACA
TRAV4*01,NIATNDY,GYK---TK,CLVGD,*01,F,LAKTTQ-PISMDSYEGQEVNITCSHNNIAT-----NDYITWYQQFPSQGPRFIIQGYK-----TKVTN-----EVASLFIPADRKSSTLSLPRVSLSDTAVYYCLVGD,TGCCTCGTGGGTGACA
TRAV40*01,STG-YPT,ET----ME,CLLG,*01,F,SNSVKQT-GQITVSEGASVTMNCTYTSTG------YPTLFWYVEYPSKPLQLLQRET------MENSK-----NFGGGNIKD--KNSPIVKYSVQVSDSAVYYCLLG,TGTCTTCTGGGAGA
TRAV41*01,VGI--SA,LSS---GK,CAVR,*01,F,KNEVEQSPQNLTAQEGEFITINCSYSVGI-------SALHWLQQHPGGGIVSLFMLSS-----GKKKH-----GRLIATINIQEKHSSLHITASHPRDSAVYICAVR,TGTGCTGTCAGA
TRAV5*01,DSS-STY,IFSN-MDM,CAES,*01,F,GEDVEQS-LFLSVREGDSSVINCTYTDSS------STYLYWYKQEPGAGLQLLTYIFSN---MDMKQD-----QRLTVLLNKKDKHLSLRIADTQTGDSAIYFCAES,TGTGCAGAGAGTA
TRAV6*01,NYS-PAY,IREN-EKE,CALD,*01,F,SQKIEQNSEALNIQEGKTATLTCNYTNYS------PAYLQWYRQDPGRGPVFLLLIREN---EKEKRK-----ERLKVTFDTTLKQSLFHITASQPADSATYLCALD,TGTGCTCTAGACA
TRAV6*02,NYS-PAY,IREN-EKE,CA,*02,(F),SQKIEQNSEALNIQEGKTATLTCNYTNYS------PAYLQWYRQDPGRGPVFLLLIREN---EKEKRK-----ERLKVTFDTTLKQSLFHITASQPADSATYLCA,TGTGCT
TRAV6*03,NYS-PAY,IREN-EKE,CA,*03,[F],--------EALNIQEGKTATLTCNYTNYS------PAYLQWYRQDPGRGPVFLLLIREN---EKEKRK-----ERLKVTFDTTLKQSLFHITASQPADSATYLCA,TGTGCT
TRAV6*04,NYS-PAY,IREN-EKE,CA,*04,[F],--------EALNIQEGKTATLTCNYTNYS------PAYLQWYRQDPGRGPVFLLLIREN---EKEKRK-----ERLKVTFDTTLKQSLFHVTASQPADSATYLCA,TGTGCT
TRAV6*05,NYS-PAY,IREN-EKE,CA,*05,[F],--------EALNIQEGKTATLTCNYTNYS------PAYLQWYRQDPGRGPVFLLLIREN---EKEKRK-----ERLKVTFDTTLKQSLFHITASQPADSATYLCA,TGTGCT
TRAV6*06,NYS-PAY,IREN-EKE,,*06,[F],SQKIEQNSEALNIQEGKTATLTCNYTNYS------PAYLQWYRQDPGRGPVFLLLIREN---EKEKRK-----ERLKVTFDTTLNQ,
TRAV6*07,NYS-PAY,IREN-EKE,CALD,*07,F,SQKIEQNSEALNIQEGKTATLTCNYTNYS------PAYLQWYRQDPGRGPVFLLLIREN---EKEKRK-----ERLKVTFDTTLKQSLFHITASQPADSATYLCALD,TGTGCTCTAGACA
TRAV7*01,VSR-FNN,MYSA-GYE,CAVD,*01,F,ENQVEHSPHFLGPQQGDVASMSCTYSVSR------FNNLQWYRQNTGMGPKHLLSMYSA---GYEKQK-----GRLNATLLK--NGSSLYITAVQPEDSATYFCAVD,TGTGCTGTAGATG
TRAV8-1*01,YGG-TVN,YFSGDPLV,CAVN,*01,F,AQSVSQHNHHVILSEAASLELGCNYSYGG------TVNLFWYVQYPGQHLQLLLKYFSG--DPLVKGI-----KGFEAEFIKSKFSFNLRKPSVQWSDTAEYFCAVN,TGTGCCGTGAATGC
TRAV8-1*02,YGG-TVN,YFSGDPLV,,*02,[F],AQSVSQHNHHVILSEAASLELGCNYSYGG------TVNLFWYVQYPGQHLQLLLKYFSG--DPLVKGI-----KGVEAEFIKSKFSFNLRKPSVQW,
TRAV8-2*01,SSY-SPS,YTSAATLV,CVVS,*01,F,AQSVTQLDSHVSVSEGTPVLLRCNYSSSY------SPSLFWYVQHPNKGLQLLLKYTSA--ATLVKGI-----NGFEAEFKKSETSFHLTKPSAHMSDAAEYFCVVS,TGTGTTGTGAGTGA
TRAV8-2*02,SSY-SPS,YTSAATLV,CVV,*02,(F),AQSVTQLSSHVSVSEGTPVLLRCNYSSSY------SPSLFWYVQHPNKGLQLLLKYTSA--ATLVKGI-----NGFEAEFKKSETSFHLTKPSAHMSDAAEYFCVV,TGTGTTGTGA
TRAV8-2*03,SSY-SPS,YTSAATLV,CVVS,*03,F,AQSVTQLDSHVSVSEGTPVLLRCNYSSSY------SPSLFWYVQHPNKGLQLLLKYTSA--ATLVKGI-----NGFEAEFKKSETSFHLTKPSAHMSDAAEYFCVVS,TGTGTTGTGAGTGA
TRAV8-3*01,YGA-TPY,YFSGDTLV,CAVG,*01,F,AQSVTQPDIHITVSEGASLELRCNYSYGA------TPYLFWYVQSPGQGLQLLLKYFSG--DTLVQGI-----KGFEAEFKRSQSSFNLRKPSVHWSDAAEYFCAVG,TGTGCTGTGGGTGC
TRAV8-3*02,YGA-TPY,YFSGDTLV,CAVV,*02,(F),AQSVTQPDIHITVSEGASLELRCNYSYGA------TPYLFWYVQSPGQGLQLLLKYFSG--DTLVQGI-----KGFEAEFKRSQSSFNLRKPSVHWSDAAEYFCAVV,TGTGCTGTGGTT
TRAV8-3*03,YGA-TPY,YFSGDTLV,CA,*03,(F),AQSVTQPDIHITVSEGASLELRCNYSYGA------TPYLFWYVQSPGQGLQLLLKYFSG--DTLVQGI-----KGFEAEFKRSQSSFNLRKPSVHWSDASEYFCA,TGTGCT
TRAV8-4*01,SSV-PPY,YTSAATLV,CAVS,*01,F,AQSVTQLGSHVSVSEGALVLLRCNYSSSV------PPYLFWYVQYPNQGLQLLLKYTSA--ATLVKGI-----NGFEAEFKKSETSFHLTKPSAHMSDAAEYFCAVS,TGTGCTGTGAGTGA
TRAV8-4*02,SSV-PPY,YTSAATLV,CAVS,*02,(F),AQSVTQLGSHVSVSEGALVLLRCNYSSSV------PPYLFWYVQYPNQGLQLLLKYTSA--ATLVKGI-----NGFEAEFKKSETSFHLTKPSAHMSDAAEYFCAVS,TGTGCTGTGAGTGA
TRAV8-4*03,SSV-PPY,YTTGATLV,CA,*03,(F),AQSVTQLGSHVSVSEGALVLLRCNYSSSV------PPYLFWYVQYPNQGLQLLLKYTTG--ATLVKGI-----NGFEAEFKKSETSFHLTKPSAHMSDAAEYFCA,TGTGCT
TRAV8-4*04,SSV-PPY,YTSAATLV,CAVS,*04,(F),AQSVTQLGSHVSVSERALVLLRCNYSSSV------PPYLFWYVQYPNQGLQLLLKYTSA--ATLVKGI-----NGFEAEFKKSETSFHLTKPSAHMSDAAEYFCAVS,TGTGCTGTGAGTGA
TRAV8-4*05,SSV-PPY,YTSAATLV,CAVS,*05,(F),AQSVTQLGSHVSVSEGALVLLRCNYSSSV------PPYLFWYVQYPNQGLQLLLKYTSA--ATLVKGI-----NGFEAEFKKSETSFHLTKPSAHMSDAAEYFCAVS,TGTGCTGTGAGTGA
TRAV8-4*06,YCC-PPI,YTSAATLV,CAVS,*06,(F),----------------------GATHYCC------PPILFWYVQYPNQGLQLLLKYTSA--ATLVKGI-----NGFEAEFKKSETSFHLTKPAAHMSDAAEYFCAVS,TGTGCTGTGAGTGA
TRAV8-4*07,VE---PY,YTTGATLV,CAV,*07,(F),--------------------------VE--------PYLFWYVQYPNQGLQLLLKYTTG--ATLVKGI-----NGFEAEFKKSETSFHLTKPSAHMTDPAEYFCAV,TGTGCTGTGAG
TRAV8-6*01,SSV-SVY,YLSGSTLV,CAVS,*01,F,AQSVTQLDSQVPVFEEAPVELRCNYSSSV------SVYLFWYVQYPNQGLQLLLKYLSG--STLVESI-----NGFEAEFNKSQTSFHLRKPSVHISDTAEYFCAVS,TGTGCTGTGAGTGA
TRAV8-6*02,SSV-SVY,YLSGSTLV,CAVS,*02,F,AQSVTQLDSQVPVFEEAPVELRCNYSSSV------SVYLFWYVQYPNQGLQLLLKYLSG--STLVKGI-----NGFEAEFNKSQTSFHLRKPSVHISDTAEYFCAVS,TGTGCTGTGAGTGA
TRAV8-7*01,YSG-VPS,DLTEATQV,CAVG,*01,P,TQSVTQLDGHITVSEEAPLELKCNYSYSG------VPSLFWYVQYSSQSLQLLLKDLTE--ATQVKGI-----RGFEAEFKKSETSFYLRKPSTHVSDAAEYFCAVG,TGTGCTGTGGGTGA
TRAV8-7*02,YSG-VPS,DLTKATQV,CAVG,*02,P,TQSVTQLDGHITVSEEAPLELKCNYSYSG------VPSLFWYVQYSSQSLQLLLKDLTK--ATQVKGI-----RGFEAEFKKSETSFYLRKPSTHVSDAAEYFCAVG,TGTGCTGTGGGTGA
TRAV9-1*01,TTQ-YPS,AMKA-NDK,CALS,*01,F,GDSVVQTEGQVLPSEGDSLIVNCSYETTQ------YPSLFWYVQYPGEGPQLHLKAMKA---NDKGRN-----KGFEAMYRKETTSFHLEKDSVQESDSAVYFCALS,TGTGCTCTGAGTGA
TRAV9-2*01,ATG-YPS,ATKA-DDK,CALS,*01,F,GNSVTQMEGPVTLSEEAFLTINCTYTATG------YPSLFWYVQYPGEGLQLLLKATKA---DDKGSN-----KGFEATYRKETTSFHLEKGSVQVSDSAVYFCALS,TGTGCTCTGAGTGA
TRAV9-2*02,ATG-YPS,ATKA-DDK,CALS,*02,F,GDSVTQMEGPVTLSEEAFLTINCTYTATG------YPSLFWYVQYPGEGLQLLLKATKA---DDKGSN-----KGFEATYRKETTSFHLEKGSVQVSDSAVYFCALS,TGTGCTCTGAGTGA
TRAV9-2*03,ATG-YPS,ATKA-DDK,CA,*03,(F),GDSVTQMEGPVTLSEEAFLTINCTYTATG------YPSLFWYVQYPGEGLQLLLKATKA---DDKGSN-----KGFEATYRKETTSFHLEKGSVQVSDSAVYFCA,TGTGCT
TRAV9-2*04,ATG-YPS,ATKA-DDK,CA,*04,(F),GNSVTQMEGPVTLSEEAFLTINCTYTATG------YPSLFWYVQYPGEGLQLLLKATKA---DDKGSN-----KGFEATYRKETTSFHLEKGSVQVSDSAVYFCA,TGTGCT
